연월,감자,고구마,고추(화건),깻잎,녹두(국산),단감,당근(무세척),대파,들깨(국산),딸기,무,미나리,방울토마토,배(신고),배추,백참깨(국산),복숭아(백도),사과(후지),생강(국산),수박,시금치,애호박,양배추,양파,오이(가시),적상추,참외,콩(흰콩국산),토마토,팥(국산),포도(캠벨),풋고추
2001_1,12191.0,8348.0,224565.0,16365.0,237774.0,14214.0,9313.0,855.0,171565.0,4383.333333333334,5303.0,26191.0,6761.0,22835.0,2552.0,331500.0,4830.428571428572,20568.0,116226.0,10270.0,6067.0,21774.0,3186.0,13734.0,20007.0,8772.0,18722.666666666668,101957.0,8916.333333333332,147000.0,4490.857142857143,33783.0
2001_2,11558.0,9567.0,231208.0,12367.0,241875.0,16394.0,10258.0,645.0,173458.0,6765.666666666668,5153.0,24225.0,10367.0,27800.0,2822.0,331500.0,7659.857142857143,21428.0,148883.0,11325.0,5225.0,20407.0,2747.0,14062.0,23917.0,8510.0,35444.333333333336,95875.0,15831.666666666664,147875.0,6980.714285714284,58408.0
2001_3,11885.0,13990.0,231962.0,10785.0,242000.0,21579.0,11277.0,669.0,183885.0,9148.0,5075.0,24900.0,16808.0,34723.0,3540.0,331500.0,10489.285714285714,22354.0,141154.0,13385.0,4738.0,20689.0,2783.0,14422.0,19942.0,6909.0,52166.0,93885.0,22747.0,147154.0,9470.571428571428,60646.0
2001_4,12133.0,14367.0,230333.0,8813.0,239833.0,21671.0,13658.0,528.0,198375.0,9667.0,4433.0,17613.0,15858.0,42392.0,3890.0,331500.0,13318.714285714286,25511.0,142783.0,12792.0,6654.0,11433.0,2574.0,8752.0,13074.0,5284.0,39989.0,91575.0,19756.0,147000.0,11960.428571428569,24283.0
2001_5,22625.0,13594.0,238083.0,7533.0,238000.0,23043.4,14900.0,803.0,199125.0,6278.0,6099.0,12675.0,9150.0,40650.0,2638.0,329958.0,16148.142857142859,26867.0,144867.0,10171.0,6588.0,7940.0,2913.0,5150.0,9236.0,4828.0,21800.0,89142.0,13583.0,147000.0,14450.285714285714,22025.0
2001_6,14440.0,14021.0,272840.0,7240.0,238000.0,24415.8,26312.0,828.0,199480.0,5360.0,8610.0,10602.0,7148.0,40560.0,6023.0,329500.0,18977.571428571428,27808.0,162088.0,8196.0,8148.0,9318.0,4206.0,6573.0,9333.0,7895.0,19061.0,90544.0,11483.0,147000.0,16940.142857142855,20808.0
2001_7,12672.0,18981.0,260840.0,7896.0,238000.0,25788.2,31632.0,873.0,196960.0,5748.285714285716,14362.0,21666.0,6504.0,45880.0,6633.0,329500.0,21807.0,31925.0,178816.0,7484.0,17784.0,10899.0,3923.0,7155.0,11262.0,14480.0,14208.0,90896.0,11792.0,147000.0,19430.0,26680.0
2001_8,13726.0,12415.0,227167.0,8148.0,237630.0,27160.6,29489.0,1080.0,195926.0,6136.571428571428,13772.0,31594.0,9541.0,41807.0,7108.0,329500.0,16230.0,24919.0,205704.0,9259.0,24196.0,8566.0,5804.0,7003.0,11251.0,8335.0,14211.0,89667.0,15822.0,146926.0,9959.0,26526.0
2001_9,13856.0,9776.0,248200.0,9192.0,222640.0,28533.0,22232.0,1132.0,194000.0,6524.857142857143,9224.0,29292.0,10624.0,37371.0,6098.0,329500.0,17708.0,33850.0,168080.0,8700.0,14664.0,8365.0,6203.0,7630.0,6298.0,6405.0,13749.0,89000.0,17744.0,145240.0,8944.0,24192.0
2001_10,13750.0,9511.0,240625.0,7992.0,195500.0,19367.0,15242.0,988.0,182292.0,6913.142857142857,5862.0,29450.0,7054.0,23883.0,3797.0,329500.0,17713.5,29661.0,65733.0,7004.0,5896.0,11480.0,3901.0,8753.0,9181.0,5885.0,12931.0,89000.0,18440.0,148458.0,8958.0,16292.0
2001_11,13700.0,9456.0,234192.0,8962.0,183538.0,14226.0,9646.0,780.0,175000.0,7301.428571428572,4443.0,29337.0,7792.0,20977.0,2323.0,329500.0,17719.0,23092.0,55385.0,5888.0,5719.0,18480.0,2168.0,8969.0,16603.0,8418.0,15525.0,89000.0,17518.333333333332,147000.0,8500.0,17492.0
2001_12,14720.0,10565.0,233760.0,13280.0,182000.0,16859.0,11896.0,758.0,173400.0,7689.714285714286,4891.0,29772.0,9280.0,26184.0,3046.0,328620.0,17724.5,26661.0,63696.0,8188.0,6144.0,20563.0,1987.0,9000.0,18507.0,9350.0,18119.0,89000.0,16596.666666666668,141080.0,9449.0,22664.0
2002_1,15462.0,16392.0,233308.0,15862.0,178615.0,18964.0,11315.0,830.0,174962.0,6716.5,4631.0,27658.0,12535.0,29477.0,3125.0,326000.0,3317.5714285714284,30010.0,67692.0,10065.0,6877.0,25954.0,2001.0,9000.0,30077.0,9808.0,11539.0,89000.0,7504.5,139192.0,4715.285714285714,41738.0
2002_2,15419.0,17914.0,234810.0,13086.0,177238.0,22552.0,9857.0,730.0,176000.0,11431.0,4259.0,27029.0,11962.0,35000.0,2614.0,326000.0,4633.142857142857,36051.0,68457.0,11971.0,5395.0,24771.0,1941.0,8869.0,27730.0,6893.0,21076.0,90190.0,13007.0,138619.0,7428.571428571428,61543.0
2002_3,14472.0,16920.0,231560.0,8496.0,176000.0,22123.0,9140.0,654.0,177200.0,9675.0,3968.0,26052.0,17056.0,33880.0,2284.0,326000.0,5948.714285714286,33925.0,66120.0,10572.0,4114.0,22136.0,2213.0,7834.0,15293.0,4690.0,30613.0,91504.0,18509.5,137560.0,10141.857142857143,48504.0
2002_4,21192.0,16936.0,211520.0,8000.0,167160.0,23227.0,10504.0,616.0,176720.0,9664.0,4865.0,21618.0,16928.0,33440.0,2153.0,326000.0,7264.285714285716,34565.0,66600.0,10236.0,4804.0,16128.0,2701.0,6462.0,13107.0,4408.0,40150.0,91712.0,24012.0,135040.0,12855.142857142857,27312.0
2002_5,20768.0,18696.0,188520.0,8616.0,164296.0,23502.0,12480.0,847.0,171600.0,7827.0,7612.0,19908.0,13752.0,33632.0,3098.0,325840.0,8579.857142857143,36709.0,65832.0,10800.0,6992.0,14408.0,2449.0,5755.0,14093.0,5155.0,32144.0,99272.0,22923.0,130640.0,15568.428571428569,38232.0
2002_6,12374.0,21165.0,178000.0,6470.0,160139.0,25868.75,18017.0,753.0,166870.0,5667.0,7932.0,14707.0,9974.0,32322.0,3300.0,324000.0,9895.428571428572,35994.0,65191.0,8135.0,6800.0,7326.0,3147.0,6661.0,9580.0,5761.0,25664.0,107600.0,14736.0,130000.0,18281.714285714286,23617.0
2002_7,11168.0,21176.0,171240.0,7488.0,153080.0,28235.5,17552.0,704.0,160280.0,6165.0,7765.0,15840.0,6892.0,31448.0,3611.0,324880.0,11211.0,38683.0,64688.0,7848.0,9192.0,7620.0,2341.0,6966.0,8156.0,9790.0,15088.0,108480.0,10565.0,129440.0,20995.0,17888.0
2002_8,12131.0,15623.0,148231.0,15438.0,152000.0,30602.25,17038.0,1030.0,158769.0,6663.0,9049.0,28737.0,7562.0,30177.0,6888.0,323308.0,10620.0,40613.0,59354.0,7254.0,20546.0,16258.0,2644.0,7309.0,13077.0,22365.0,17872.0,105062.0,13426.0,125423.0,12165.0,22438.0
2002_9,13087.0,13861.0,196522.0,17870.0,156478.0,32969.0,17357.0,1563.0,155957.0,7161.0,13677.0,40591.0,12730.0,33905.0,8710.0,324870.0,14259.0,32242.5,40609.0,8378.0,18974.0,25078.0,3765.0,8529.0,15493.0,16804.0,17265.0,99739.0,19664.0,121913.0,11330.0,28922.0
2002_10,12600.0,10846.0,187154.0,11277.0,156231.0,20580.0,17862.0,1067.0,153923.0,7659.0,10367.0,35008.0,15285.0,23223.0,4942.0,337154.0,13530.25,23872.0,25108.0,7400.0,8146.0,11531.0,3826.0,9035.0,14859.0,8962.0,13819.0,100600.0,21698.0,122808.0,11238.0,21008.0
2002_11,12615.0,11162.0,180038.0,10710.0,155692.0,16410.0,18977.0,963.0,151462.0,8157.0,9472.0,36444.0,16323.0,23569.0,4062.0,354615.0,12801.5,21677.0,20200.0,7562.0,8308.0,18192.0,5025.0,9440.0,12449.0,12654.0,14202.0,103908.0,21067.0,132108.0,9860.0,46131.0
2002_12,12675.0,12475.0,177833.0,13608.0,152917.0,20955.0,19633.0,1102.0,158542.0,8655.0,12605.0,32331.0,16517.0,24492.0,6918.0,389250.0,12072.75,24872.0,21417.0,7746.0,8150.0,22950.0,8613.0,10758.0,19014.0,11708.0,18405.0,103083.0,17728.0,133892.0,11643.5,61683.0
2003_1,20039.0,13072.0,178120.0,17504.0,153960.0,21408.0,15888.0,1471.0,164880.0,7868.0,11768.0,29970.0,14128.0,25544.0,7161.0,415000.0,4467.285714285714,27819.0,30888.0,7996.0,8484.0,27920.0,9484.0,15485.0,24653.0,18430.0,15255.0,104600.0,17792.0,152160.0,5810.714285714286,46728.0
2003_2,21935.0,14026.0,185130.0,11930.0,158739.0,20180.0,14165.0,1859.0,185217.0,13733.0,11642.0,29126.0,11548.0,24165.0,7333.0,439391.0,6931.571428571428,29449.0,35904.0,9330.0,7835.0,27122.0,8665.0,21087.0,25855.0,8696.0,28507.0,108652.0,21087.0,169348.0,9618.428571428572,44287.0
2003_3,23700.0,13904.0,194280.0,13192.0,160680.0,20165.0,13288.0,2052.0,189120.0,11173.0,15418.0,29370.0,14776.0,22728.0,10429.0,448720.0,9395.857142857143,27435.0,35232.0,11024.0,5220.0,28352.0,7924.0,34746.0,20280.0,8410.0,41759.0,114960.0,24600.0,178640.0,13426.142857142857,57648.0
2003_4,25928.0,18128.0,187960.0,8400.0,165000.0,20896.0,15760.0,1501.0,187880.0,9814.0,15897.0,22038.0,14808.0,22192.0,9860.0,448200.0,11860.142857142857,27536.0,33912.0,11556.0,4832.0,17040.0,6156.0,31607.0,12493.0,6347.0,44299.0,122640.0,20832.0,196560.0,17233.857142857145,26288.0
2003_5,22000.0,26575.0,189083.0,7513.0,167417.0,22958.6,17592.0,1411.0,186958.0,6944.0,10227.0,14675.0,11075.0,22917.0,6524.0,446000.0,14324.428571428569,25928.0,39358.0,9863.0,5629.0,10954.0,4850.0,13972.0,8917.0,7922.0,28283.0,124750.0,18475.0,201500.0,21041.571428571428,31558.0
2003_6,15425.0,36817.0,200292.0,5904.0,169000.0,25021.2,24092.0,937.0,189083.0,8354.714285714286,5522.0,14350.0,8056.0,25375.0,3608.0,438917.0,16788.714285714286,25595.0,46742.0,7975.0,6700.0,9263.0,2550.0,10373.0,9167.0,6922.0,21662.0,128200.0,13750.0,203917.0,24849.285714285717,22725.0
2003_7,15859.0,35338.0,208038.0,10600.0,170000.0,27083.8,21123.0,964.0,191931.0,9765.428571428572,5347.0,18427.0,13265.0,26877.0,5182.0,438654.0,19253.0,25323.0,51285.0,9296.0,10862.0,10158.0,2675.0,12003.0,12103.0,11000.0,21682.0,130862.0,23408.0,204923.0,28657.0,24646.0
2003_8,18644.0,19938.0,236288.0,9023.0,170800.0,29146.4,20469.0,1123.0,193554.0,11176.142857142857,5193.0,25050.0,18808.0,27446.0,6529.0,444858.0,14802.0,26730.0,51846.0,11185.0,14785.0,12346.0,3412.0,14612.0,9436.0,10692.0,25164.0,129962.0,30554.0,204031.0,19062.0,24408.0
2003_9,23774.0,17983.0,307261.0,17348.0,181398.0,31209.0,22052.0,1662.0,194817.0,12586.857142857143,9600.0,49180.0,10426.0,36600.0,8361.0,497750.0,14225.0,27494.0,50922.0,9883.0,18470.0,30400.0,4556.0,17167.0,16486.0,26793.0,18365.0,123487.0,23217.0,209150.0,13157.0,32591.0
2003_10,28077.0,16131.0,299385.0,13385.0,251731.0,25123.0,27554.0,2223.0,188731.0,13997.571428571431,13409.0,33237.0,16062.0,28677.0,8474.0,595346.0,14446.25,28258.0,31192.0,7881.0,9685.0,12708.0,7568.0,17472.0,14895.0,16298.0,17487.0,127846.0,31192.0,223008.0,15119.0,28631.0
2003_11,34474.0,16936.0,301000.0,10328.0,266600.0,20805.0,25440.0,1864.0,186400.0,15408.285714285714,12011.0,34380.0,14936.0,34112.0,5988.0,617440.0,14667.5,29520.0,39416.0,7580.0,5616.0,16392.0,6124.0,17789.0,19080.0,7955.0,19330.0,136160.0,30016.0,227040.0,14720.0,29272.0
2003_12,39600.0,18469.0,302500.0,14638.0,272615.0,22354.0,15908.0,1466.0,204154.0,16819.0,9088.0,41383.0,14977.0,37446.0,3871.0,632077.0,14888.75,33051.0,44977.0,7704.0,4954.0,20438.0,4751.0,18411.0,22038.0,8962.0,23118.0,139231.0,24900.0,219115.0,11222.0,30754.0
2004_1,39683.0,18322.0,309609.0,16443.0,271304.0,22469.0,13557.0,1313.0,206304.0,15243.0,5750.0,37285.0,16009.0,40174.0,2964.0,636783.0,3946.285714285714,36817.0,45104.0,9574.0,5596.0,24261.0,4437.0,17765.0,24681.0,7217.0,20254.666666666668,144522.0,27957.0,204217.0,7503.333333333332,39635.0
2004_2,49296.0,19825.0,316792.0,13250.0,277833.0,23067.0,13067.0,1625.0,207000.0,12517.0,5255.0,41225.0,15617.0,40058.0,2709.0,637583.0,5888.571428571428,36617.0,53067.0,9642.0,6833.0,22350.0,4979.0,17693.0,20764.0,6792.0,38505.333333333336,151542.0,33592.0,202933.0,13002.666666666664,45050.0
2004_3,52431.0,21538.0,322615.0,11938.0,280154.0,27220.0,13046.0,1712.0,207692.0,10508.0,5846.0,32562.0,20662.0,42038.0,3542.0,636577.0,7830.857142857143,39144.0,79369.0,10188.0,5538.0,21592.0,5633.0,17129.0,17821.0,8034.0,56756.0,170115.0,35623.0,203600.0,18502.0,44908.0
2004_4,47192.0,25017.0,315750.0,10325.0,287333.0,28836.0,14933.0,1121.0,207542.0,9190.0,5701.0,25663.0,19758.0,45467.0,4162.0,642375.0,9773.142857142857,44189.0,77392.0,9750.0,5063.0,14208.0,5917.0,15329.0,12222.0,8104.0,41094.0,194500.0,30108.0,205350.0,24001.33333333333,29700.0
2004_5,27213.0,29150.0,306167.0,9400.0,290000.0,27461.16666666667,18017.0,741.0,203250.0,8843.0,4458.0,17594.0,14083.0,55517.0,3270.0,632917.0,11715.428571428569,46633.0,88408.0,9400.0,6042.0,13292.0,5997.0,9187.0,12611.0,8656.0,30061.0,230667.0,22042.0,208975.0,29500.666666666664,29758.0
2004_6,16738.0,30662.0,293731.0,7800.0,289500.0,26086.33333333333,18838.0,660.0,201154.0,9166.125,6952.0,15762.0,11046.0,68308.0,3400.0,601115.0,13657.714285714286,48805.0,89300.0,9919.0,7423.0,11985.0,5888.0,8080.0,12436.0,6774.0,24631.0,263769.0,15677.0,201415.0,35000.0,28208.0
2004_7,15535.0,28500.0,292682.0,9918.0,283000.0,24711.5,17818.0,705.0,187909.0,9489.25,13667.0,22970.0,8745.0,73745.0,6549.0,540545.0,15600.0,49800.0,88464.0,11018.0,16600.0,14355.0,7641.0,8647.0,13596.0,20674.0,20909.0,225227.0,13982.0,180955.0,28327.0,29364.0
2004_8,20522.0,18904.0,262630.0,10583.0,275565.0,23336.66666666667,21339.0,1051.0,184087.0,9812.375,28993.0,26439.0,12739.0,72591.0,12057.0,491348.0,16184.0,48945.0,102391.0,13343.0,22939.0,12452.0,15887.0,11042.0,14106.0,13870.0,22063.0,211217.0,19270.0,170304.0,16817.0,28713.0
2004_9,24937.0,15042.0,264316.0,13011.0,318737.0,21961.833333333336,24821.0,1161.0,179105.0,10135.5,20979.0,37074.0,20758.0,50968.0,8607.0,429211.0,17691.0,48000.0,110358.0,10721.0,16589.0,16695.0,7284.0,12223.0,9673.0,16439.0,19376.0,179737.0,31011.0,160579.0,16316.0,32095.0
2004_10,26781.0,13714.0,258143.0,10638.0,315476.0,20587.0,27790.0,996.0,182429.0,10458.625,9273.0,35586.0,15524.0,27762.0,3951.0,415095.0,17435.25,35888.0,74952.0,8362.0,8643.0,10938.0,4309.0,11859.0,8138.0,10794.0,15624.0,162571.0,28990.0,161476.0,19873.0,31724.0
2004_11,24273.0,12964.0,262136.0,8118.0,308273.0,19267.0,26827.0,788.0,214455.0,10781.75,5711.0,31514.0,12500.0,28045.0,2776.0,415636.0,17179.5,34012.0,78482.0,7505.0,6014.0,15773.0,2978.0,11885.0,9000.0,6492.0,16859.0,149091.0,16218.0,171318.0,20133.33333333333,35736.0
2004_12,23538.0,12920.0,267800.0,11570.0,326300.0,22987.0,25230.0,663.0,251600.0,11104.875,4438.0,31733.0,16540.0,30550.0,2485.0,438800.0,16923.75,43407.0,90320.0,7670.0,4675.0,16910.0,2488.0,11850.0,14400.0,6333.0,22462.0,148450.0,16590.0,169950.0,20393.666666666668,36320.0
2005_1,24771.0,12705.0,265810.0,17143.0,321952.0,25302.0,22162.0,657.0,262429.0,8401.5,4451.0,27407.0,13467.0,32429.0,2398.0,456238.0,4714.285714285714,54794.0,93190.0,9657.0,5371.0,22619.0,2806.0,11954.0,23889.0,8619.0,20429.33333333333,149857.0,19505.0,162000.0,7725.0,39057.0
2005_2,27512.0,12388.0,266059.0,16529.0,319882.0,32008.0,20435.0,786.0,267353.0,14798.0,4064.0,30776.0,13000.0,33729.0,2887.0,459294.0,7423.571428571428,58745.0,105624.0,10412.0,6112.0,25247.0,3179.0,15207.0,26823.0,7902.0,38853.66666666666,157329.0,24212.0,158765.0,13445.0,57494.0
2005_3,25982.0,13864.0,271318.0,12818.0,317273.0,35509.0,18927.0,753.0,268727.0,12445.0,3347.0,30320.0,18991.0,36264.0,3187.0,460000.0,10132.857142857143,53503.0,106709.0,11218.0,5436.0,21755.0,3193.0,18631.0,16803.0,6970.0,57278.0,168809.0,29709.0,158091.0,19165.0,54818.0
2005_4,26181.0,15876.0,269143.0,10848.0,314857.0,39033.0,18752.0,568.0,268000.0,11324.0,5895.0,26979.0,19562.0,39857.0,3579.0,460000.0,12842.142857142857,55371.0,99848.0,11324.0,5186.0,13781.0,3639.0,20939.0,14460.0,6889.0,56698.0,164410.0,29171.0,159762.0,24885.0,40810.0
2005_5,25177.0,17327.0,262955.0,9718.0,315909.0,36061.0,19673.0,661.0,267909.0,6936.0,6393.0,18014.0,13891.0,40382.0,3090.0,460000.0,15551.428571428569,57152.0,96936.0,10455.0,5564.0,8518.0,4918.0,11489.0,10955.0,6439.0,28940.0,157864.0,19845.0,158818.0,30605.0,29245.0
2005_6,12338.0,16248.0,241857.0,7862.0,327714.0,33089.0,17810.0,960.0,259857.0,5697.0,6148.0,12800.0,8467.0,41200.0,2961.0,458000.0,18260.714285714286,57295.0,96400.0,8448.0,6457.0,8471.0,3680.0,8493.0,8952.0,5786.0,18832.0,151476.0,12343.0,154571.0,36325.0,24819.0
2005_7,10014.0,20000.0,238818.0,11573.0,318273.0,30117.0,18091.0,1056.0,235227.0,8872.75,11274.0,27457.0,11749.0,43027.0,4792.0,453727.0,20970.0,58364.0,95673.0,9127.0,15427.0,12114.0,4343.0,7745.0,11803.0,18758.0,19067.0,141800.0,18582.0,147591.0,27236.0,27291.0
2005_8,12958.0,15825.0,217146.0,12125.0,313500.0,27145.0,19017.0,1313.0,214583.0,12048.5,12094.0,34575.0,12350.0,42775.0,5883.0,409000.0,14370.0,57042.0,92200.0,9446.0,24867.0,17825.0,5213.0,8357.0,14324.0,21556.0,15989.0,128879.0,20033.0,138708.0,13567.0,21367.0
2005_9,12909.0,12845.0,225000.0,13882.0,304091.0,24173.0,18745.0,1520.0,214000.0,15224.25,17035.0,41025.0,11309.0,40264.0,9085.0,388273.0,12875.0,55294.0,75273.0,9559.0,20573.0,19773.0,6523.0,9553.0,12192.0,18303.0,15448.0,124900.0,20545.0,138318.0,13318.0,30064.0
2005_10,11457.0,12029.0,223476.0,13514.0,298476.0,21201.0,17381.0,1522.0,213476.0,18400.0,16808.0,36907.0,12771.0,24086.0,9937.0,375714.0,13447.75,25176.0,40143.0,8005.0,10933.0,17410.0,7114.0,9851.0,18137.0,18365.0,13965.0,122114.0,20238.0,140667.0,12524.0,26676.0
2005_11,10833.0,11035.0,224739.0,11652.0,292000.0,17171.0,16496.0,1437.0,234391.0,16283.0,14146.0,40226.0,10261.0,21591.0,6755.0,378261.0,14020.5,27212.0,30748.0,8765.0,6243.0,15939.0,6083.0,9833.0,15087.0,9775.0,14744.0,121913.0,18365.0,151739.0,11971.0,26296.0
2005_12,13397.0,12227.0,225591.0,17382.0,291545.0,20200.0,13655.0,1643.0,256591.0,16445.0,12421.0,37411.0,16127.0,24700.0,7106.0,379091.0,14593.25,31679.0,32473.0,9736.0,7336.0,17009.0,6918.0,9898.0,17697.0,13924.0,19549.0,114859.0,18182.0,158909.0,14647.5,32264.0
2006_1,13859.0,13318.0,226136.0,23973.0,282545.0,19097.0,11555.0,1770.0,256000.0,16864.0,9682.0,38761.0,14000.0,26209.0,6105.0,378000.0,3897.25,35533.0,36700.0,10855.0,9100.0,24018.0,6035.0,10189.0,29788.0,22167.0,12134.25,105643.0,19082.0,158000.0,5699.428571428572,62027.0
2006_2,13330.0,14610.0,226825.0,16760.0,274000.0,20400.0,11450.0,2262.0,250300.0,13520.0,10496.0,44888.0,13830.0,25450.0,6778.0,370600.0,5788.5,32927.0,37440.0,11270.0,8815.0,20070.0,5431.0,12008.0,30283.0,8583.0,22262.5,102400.0,24570.0,158150.0,9392.857142857143,81420.0
2006_3,12950.0,16173.0,226591.0,13218.0,260273.0,23127.0,12255.0,2170.0,244091.0,11764.0,10689.0,34636.0,18291.0,23655.0,8398.0,361091.0,7679.75,33121.0,37200.0,12464.0,5632.0,20136.0,4177.0,17091.0,22894.0,7303.0,32390.75,99318.0,28609.0,158068.0,13086.285714285714,69691.0
2006_4,22940.0,18340.0,217950.0,13155.0,250800.0,27757.0,15630.0,1973.0,246150.0,10940.0,9769.0,39998.0,18400.0,22340.0,7942.0,354138.0,9571.0,34980.0,37060.0,11520.0,6225.0,14105.0,4180.0,17523.0,17700.0,7733.0,42519.0,97970.0,24490.0,156800.0,16779.714285714286,41210.0
2006_5,22485.0,18580.0,213000.0,10660.0,248000.0,28500.0,27890.0,1400.0,245000.0,8000.0,8074.0,23138.0,13800.0,21990.0,5986.0,349500.0,11462.25,34673.0,36750.0,10950.0,6220.0,11305.0,5855.0,13568.0,13133.0,6950.0,33786.0,93000.0,19870.0,150780.0,20473.14285714286,43100.0
2006_6,13156.0,25381.0,213476.0,7857.0,248000.0,28527.75,33267.0,984.0,244000.0,6000.0,8586.0,15636.0,11738.0,23410.0,3340.0,347000.0,13353.5,39410.0,37333.0,9810.0,7038.0,9352.0,4112.0,8964.0,8392.0,6421.0,25137.0,93429.0,13943.0,150305.0,24166.571428571428,31248.0
2006_7,11497.0,31870.0,217650.0,12480.0,251300.0,28555.5,33610.0,1012.0,244000.0,6850.714285714284,8950.0,28031.0,11755.0,23110.0,4035.0,347300.0,15244.75,42953.0,44890.0,10080.0,13940.0,18685.0,3288.0,11704.0,13244.0,16417.0,20674.0,93800.0,14350.0,150000.0,27860.0,37130.0
2006_8,17855.0,20536.0,253364.0,12745.0,254545.0,28583.25,34664.0,1187.0,244091.0,7701.428571428572,13490.0,38448.0,20900.0,20380.0,9534.0,348091.0,17136.0,42179.0,49027.0,13936.0,19845.0,12955.0,7073.0,14691.0,14475.0,15561.0,29273.0,93709.0,23173.0,150045.0,22091.0,43082.0
2006_9,21955.0,16382.0,321545.0,16618.0,265636.0,28611.0,39673.0,1107.0,251545.0,8552.142857142857,16913.0,35577.0,21564.0,28112.0,10704.0,363864.0,14405.0,36850.0,54582.0,8264.0,18664.0,15627.0,6714.0,16205.0,10919.0,13182.0,14576.0,89723.0,29827.0,151455.0,13482.0,44100.0
2006_10,22042.0,14653.0,320053.0,11600.0,289368.0,23379.0,42821.0,998.0,248632.0,9402.857142857143,9217.0,32068.0,10816.0,25821.0,3839.0,418158.0,11700.0,31521.0,48558.0,6658.0,5395.0,8553.0,4862.0,18337.0,6801.0,9509.0,8463.0,85379.0,19568.0,151947.0,14289.0,19895.0
2006_11,20752.0,15286.0,318143.0,10552.0,279143.0,17955.0,21810.0,855.0,238762.0,10253.571428571428,5727.0,34525.0,9343.0,25962.0,3020.0,416000.0,12937.333333333336,32190.0,47152.0,6105.0,5643.0,12790.0,2514.0,21029.0,11841.0,11540.0,7786.0,80705.0,14790.0,146952.0,13451.0,22848.0
2006_12,25625.0,16300.0,317000.0,21630.0,270150.0,22140.0,15110.0,792.0,231600.0,11104.285714285714,5216.0,34448.0,11560.0,32100.0,3495.0,417900.0,14174.666666666664,36313.0,57720.0,7750.0,7700.0,22760.0,2559.0,24634.0,20722.0,16300.0,15708.0,82765.0,17090.0,146050.0,16055.5,37120.0
2007_1,25682.0,18773.0,315409.0,16191.0,271182.0,25964.0,12691.0,764.0,236636.0,17330.0,4276.0,29093.0,11864.0,35064.0,2781.0,424500.0,4169.571428571428,38727.0,59227.0,10318.0,7377.0,21918.0,2625.0,22118.0,25667.0,12606.0,13097.25,82855.0,20991.0,150636.0,5716.857142857143,39764.0
2007_2,26147.0,21105.0,314000.0,14821.0,273000.0,33495.0,12495.0,768.0,252737.0,16600.0,4655.0,37145.0,15021.0,43242.0,2287.0,439579.0,6332.142857142857,45207.0,59000.0,17484.0,6616.0,25442.0,2857.0,20326.0,27456.0,7140.0,24187.5,85147.0,28168.0,163000.0,9426.714285714286,49189.0
2007_3,21357.0,20171.0,310095.0,11352.0,272667.0,32832.0,10562.0,628.0,237810.0,13114.0,5512.0,31632.0,20114.0,45743.0,2679.0,442571.0,8494.714285714286,41905.0,59000.0,11105.0,4957.0,18000.0,3632.0,14044.0,18349.0,6921.0,35277.75,84200.0,29143.0,166810.0,13136.571428571428,43581.0
2007_4,21156.0,21524.0,302190.0,12067.0,272000.0,34221.0,13419.0,616.0,236143.0,13048.0,6559.0,24950.0,18914.0,47371.0,3102.0,452333.0,10657.285714285714,46698.0,58162.0,11143.0,6338.0,14343.0,5533.0,15765.0,15794.0,7976.0,46368.0,83438.0,27267.0,165762.0,16846.428571428572,34724.0
2007_5,19876.0,21390.0,288286.0,10990.0,269905.0,35333.0,15410.0,795.0,230429.0,9532.0,6649.0,18114.0,13924.0,48952.0,2705.0,462000.0,12819.857142857141,46978.0,55629.0,11971.0,5548.0,10448.0,5133.0,6434.0,13619.0,6524.0,39498.0,84229.0,18905.0,163286.0,20556.285714285714,31076.0
2007_6,14021.0,21070.0,279100.0,9570.0,265200.0,31573.6,17680.0,907.0,214900.0,11527.428571428569,13280.0,16178.0,9450.0,51770.0,3991.0,467750.0,14982.428571428569,42813.0,54110.0,9670.0,6815.0,10590.0,3120.0,6922.0,12356.0,6100.0,26434.0,85590.0,11340.0,162400.0,24266.14285714285,25940.0
2007_7,15707.0,22295.0,270762.0,10057.0,263000.0,27814.2,16781.0,840.0,209000.0,13522.857142857143,12912.0,21396.0,7114.0,58857.0,5813.0,467048.0,17145.0,34743.0,54743.0,10810.0,12743.0,11248.0,3790.0,6568.0,11034.0,10508.0,23029.0,84714.0,11705.0,161762.0,27976.0,26267.0
2007_8,18145.0,18018.0,222515.0,13945.0,250773.0,24054.8,17536.0,1112.0,206864.0,15518.285714285714,11726.0,34350.0,6845.0,60963.0,6057.0,459773.0,11577.0,29612.0,58873.0,10982.0,17091.0,17591.0,3628.0,7225.0,10879.0,16000.0,21405.0,84291.0,10973.0,161055.0,18845.0,26073.0
2007_9,19129.0,17000.0,221294.0,21553.0,221412.0,20295.4,18694.0,1685.0,199765.0,17513.714285714286,13680.0,50912.0,15318.0,33750.0,9648.0,449412.0,11897.0,28503.5,52176.0,11588.0,23129.0,30071.0,5565.0,8864.0,20484.0,30549.0,20612.0,83929.0,23071.0,164600.0,15212.0,41188.0
2007_10,21155.0,13827.0,233045.0,17036.0,221091.0,16536.0,28409.0,2192.0,202545.0,19509.14285714285,17682.0,40111.0,19382.0,22827.0,9480.0,449318.0,12026.75,27395.0,26400.0,11564.0,11550.0,18382.0,10050.0,9245.0,20904.0,21955.0,16177.0,95791.0,33264.0,191091.0,15309.0,38336.0
2007_11,21355.0,13827.0,235773.0,12945.0,229636.0,14364.0,28909.0,1803.0,233227.0,21504.571428571428,16335.0,33430.0,21782.0,21064.0,7914.0,465955.0,12156.5,28079.0,17673.0,11582.0,7986.0,17273.0,10782.0,9756.0,11636.0,8045.0,16293.0,125682.0,29455.0,256545.0,15500.0,52691.0
2007_12,23442.0,14200.0,235105.0,17905.0,227474.0,16940.0,26326.0,1820.0,231263.0,23500.0,13846.0,42111.0,26432.0,23326.0,6309.0,480053.0,12286.25,29635.0,22716.0,11747.0,7953.0,17884.0,10653.0,10067.0,13982.0,9246.0,21709.0,128200.0,29305.0,235263.0,17118.0,66621.0
2008_1,32327.0,15009.0,234045.0,21182.0,226818.0,17515.0,19273.0,1706.0,230364.0,19782.0,9496.0,35175.0,18009.0,23573.0,4740.0,503591.0,4485.428571428572,31267.0,26164.0,12873.0,7355.0,23145.0,7918.0,10331.0,26485.0,8864.0,11737.0,131582.0,21682.0,227227.0,6046.0,68018.0
2008_2,43639.0,15344.0,232000.0,16989.0,232889.0,20911.0,21689.0,1679.0,232000.0,15633.0,7438.0,38083.0,12400.0,23289.0,4667.0,529778.0,6962.857142857143,32133.0,28456.0,13067.0,7433.0,19344.0,7189.0,10571.0,21574.0,7731.0,21466.0,151306.0,20622.0,246389.0,10084.0,62956.0
2008_3,36224.0,16143.0,237143.0,12248.0,234000.0,25251.0,22824.0,1939.0,232524.0,13048.0,7850.0,37486.0,16895.0,24295.0,4691.0,533000.0,9440.285714285714,31467.0,30162.0,11943.0,5171.0,19371.0,7362.0,10434.0,16413.0,5540.0,31195.0,173652.0,24674.0,256333.0,14122.0,51476.0
2008_4,35914.0,21295.0,231476.0,12324.0,232667.0,26639.0,27019.0,1120.0,238714.0,11838.0,7510.0,23700.0,15086.0,23857.0,5193.0,532714.0,11917.714285714286,32914.0,32933.0,13276.0,4362.0,11819.0,5667.0,14579.0,12651.0,7929.0,40924.0,177800.0,23486.0,260000.0,18160.0,34181.0
2008_5,35600.0,27505.0,221211.0,11853.0,230000.0,25752.0,24789.0,979.0,235526.0,9840.0,7304.0,18178.0,13179.0,25526.0,3951.0,525316.0,14395.142857142859,34505.0,39305.0,11726.0,5826.0,8216.0,4342.0,11836.0,10333.0,8404.0,37741.0,165200.0,18568.0,253263.0,22198.0,32274.0
2008_6,18355.0,29900.0,234700.0,9610.0,230000.0,24865.0,20410.0,811.0,235050.0,11071.428571428569,6591.0,15615.0,10840.0,30810.0,3461.0,515000.0,16872.571428571428,41733.0,42020.0,9200.0,7845.0,10240.0,3235.0,12998.0,11378.0,7517.0,25253.0,152900.0,12410.0,253100.0,26236.0,26810.0
2008_7,14752.0,28078.0,252217.0,9322.0,230000.0,23978.0,18826.0,780.0,243435.0,12302.857142857143,6454.0,25767.0,10835.0,35000.0,3430.0,511304.0,19350.0,49409.0,44174.0,13270.0,10261.0,9174.0,3370.0,15257.0,10802.0,10710.0,25971.0,149139.0,15687.0,257391.0,30274.0,25287.0
2008_8,16290.0,19870.0,261996.0,15240.0,226820.0,23091.0,21350.0,905.0,247600.0,13534.285714285714,8606.0,41168.0,11650.0,28563.0,6183.0,495050.0,15926.0,46270.0,51240.0,12090.0,20540.0,14420.0,4211.0,15536.0,12556.0,18300.0,22467.0,148500.0,18970.0,262400.0,19940.0,22620.0
2008_9,16429.0,16400.0,289619.0,15305.0,227810.0,22204.0,28838.0,1011.0,248190.0,14765.714285714286,7817.0,39457.0,12076.0,24063.0,5204.0,426524.0,14209.0,36185.0,64171.0,9200.0,14143.0,13067.0,4062.0,15552.0,8085.0,10460.0,20648.0,146000.0,19790.0,262905.0,12476.0,19962.0
2008_10,15000.0,15436.0,292455.0,14327.0,223727.0,21317.0,24291.0,929.0,244636.0,15997.142857142857,7316.0,42205.0,11236.0,17791.0,3732.0,400636.0,14502.5,26100.0,58482.0,7109.0,9464.0,15073.0,3201.0,16447.0,13010.0,11409.0,17828.0,142364.0,21318.0,229091.0,15071.0,23836.0
2008_11,14230.0,14920.0,291000.0,12230.0,222000.0,19133.0,17870.0,903.0,244000.0,17228.571428571428,7482.0,43733.0,8590.0,21110.0,3970.0,398000.0,14796.0,27294.0,65950.0,6540.0,5960.0,18210.0,3486.0,18604.0,16600.0,12117.0,20787.0,124550.0,16420.0,182700.0,16507.0,31500.0
2008_12,16089.0,15943.0,290702.0,17352.0,225429.0,26603.0,16486.0,920.0,247905.0,18460.0,7289.0,47136.0,11905.0,24286.0,3810.0,398000.0,15089.5,28229.0,78390.0,6990.0,5614.0,20057.0,3615.0,19650.0,19444.0,15000.0,23746.0,120000.0,19657.0,179429.0,17943.0,34990.0
2009_1,22509.0,20474.0,286368.0,22968.0,226642.0,29319.0,16305.0,1032.0,256316.0,17297.0,7801.0,42513.0,13842.0,28526.0,3911.0,399158.0,4104.857142857143,35439.0,78368.0,9468.0,7616.0,27189.0,4442.0,20806.0,26947.0,19807.0,15547.0,120421.0,24453.0,178105.0,5264.857142857143,56568.0
2009_2,26990.0,20740.0,284400.0,15930.0,226100.0,26253.0,17870.0,983.0,270050.0,14260.0,7542.0,48908.0,15460.0,28250.0,3960.0,403000.0,6200.714285714284,32667.0,79470.0,12170.0,6595.0,24260.0,4900.0,26110.0,36600.0,11867.0,29085.0,124400.0,30670.0,177100.0,8520.714285714286,86610.0
2009_3,29882.0,22464.0,284000.0,15182.0,226000.0,30994.0,17864.0,930.0,285955.0,14345.0,7093.0,43630.0,19691.0,29673.0,6236.0,403591.0,8296.571428571428,40139.0,81436.0,17964.0,5636.0,25382.0,5373.0,27755.0,25152.0,10333.0,42623.0,129286.0,31645.0,177455.0,11776.571428571428,75755.0
2009_4,50027.0,26755.0,282261.0,13964.0,226000.0,33600.0,22955.0,1005.0,309773.0,12373.0,7180.0,34698.0,20355.0,33609.0,11552.0,400455.0,10392.42857142857,43072.0,94545.0,15818.0,7241.0,13836.0,7095.0,22718.0,16591.0,8894.0,56161.0,129900.0,29045.0,175773.0,15032.428571428569,41545.0
2009_5,40295.0,28758.0,282947.0,12568.0,226000.0,30573.33333333333,29863.0,1225.0,324632.0,10587.0,8973.0,24568.0,13789.0,37811.0,9942.0,401316.0,12488.285714285714,43305.0,116821.0,10526.0,7153.0,10547.0,9921.0,16221.0,14333.0,7544.0,31537.0,129758.0,19663.0,175000.0,18288.285714285714,40211.0
2009_6,20309.0,27045.0,296455.0,11391.0,226000.0,27546.66666666667,26427.0,1646.0,343636.0,11872.571428571431,7209.0,22050.0,10482.0,44291.0,4270.0,403000.0,14584.142857142857,44272.0,118800.0,9598.0,7645.0,10691.0,7705.0,9945.0,12485.0,8591.0,28218.0,129600.0,13636.0,175227.0,21544.14285714285,30845.0
2009_7,17991.0,28296.0,298000.0,16739.0,226000.0,24520.0,30200.0,1563.0,348957.0,13158.142857142857,7976.0,31911.0,10148.0,49887.0,4870.0,403000.0,16680.0,42394.0,143548.0,11870.0,12130.0,14878.0,5274.0,10355.0,15768.0,21319.0,23414.0,129926.0,12948.0,176000.0,24800.0,34070.0
2009_8,20133.0,23257.0,301788.0,15314.0,226000.0,21493.333333333336,31324.0,1669.0,346286.0,14443.714285714286,8286.0,39286.0,15076.0,48031.0,6848.0,403000.0,11323.0,37095.0,145714.0,8352.0,14305.0,11324.0,4814.0,12400.0,12683.0,13524.0,23980.0,130110.0,18571.0,176000.0,14229.0,29448.0
2009_9,21936.0,18218.0,308409.0,15227.0,230909.0,18466.666666666668,32900.0,1685.0,342000.0,15729.285714285714,8438.0,46739.0,14991.0,25646.0,6855.0,407364.0,12928.0,30494.0,97545.0,8050.0,13345.0,13091.0,4573.0,13176.0,10212.0,8485.0,25218.0,130245.0,21055.0,176000.0,14309.0,29318.0
2009_10,22933.0,16610.0,299952.0,12505.0,238381.0,15440.0,31752.0,1520.0,326190.0,17014.857142857145,7905.0,48993.0,11848.0,24238.0,4357.0,414952.0,12791.0,23893.0,60495.0,6724.0,8438.0,11448.0,3757.0,13410.0,8952.0,9540.0,16133.0,130148.0,18714.0,175514.0,14390.0,25810.0
2009_11,25419.0,16867.0,290238.0,13571.0,242000.0,18057.0,24971.0,1551.0,317429.0,18300.428571428565,7362.0,54443.0,10848.0,25352.0,3527.0,421524.0,12654.0,26933.0,72305.0,6067.0,7914.0,19038.0,2982.0,13371.0,15809.0,15254.0,13066.0,128762.0,17305.0,170810.0,12557.0,39429.0
2009_12,29895.0,18933.0,282286.0,20629.0,242000.0,23336.0,21181.0,1465.0,334762.0,19586.0,6857.0,58329.0,18533.0,27095.0,3647.0,444238.0,12517.0,32006.0,81067.0,10943.0,10200.0,18467.0,3606.0,12371.0,21794.0,22460.0,20361.5,128071.0,23533.0,167857.0,14334.0,49410.0
2010_1,37075.0,21180.0,279850.0,25750.0,242620.0,24460.0,19170.0,1516.0,340700.0,19730.0,7052.0,52433.0,18450.0,28980.0,4913.0,469750.0,4697.5,34713.0,102840.0,14680.0,14920.0,22730.0,4280.0,12060.0,29600.0,29450.0,19081.25,131620.0,27820.0,167600.0,7052.142857142857,48470.0
2010_2,41389.0,21326.0,279000.0,20274.0,256863.0,28225.0,17116.0,1693.0,346526.0,17832.0,8128.0,60608.0,15347.0,36442.0,7979.0,481974.0,7385.0,39390.0,106274.0,15295.0,13800.0,29368.0,4213.0,13164.0,37895.0,12105.0,36152.5,135089.0,27926.0,168000.0,12094.285714285714,73884.0
2010_3,39545.0,21209.0,279000.0,20491.0,258000.0,28356.0,14609.0,1692.0,350364.0,16927.0,9660.0,55582.0,18573.0,35345.0,11327.0,495045.0,10072.5,36352.0,105436.0,15636.0,9541.0,32545.0,3801.0,18282.0,39409.0,15152.0,53223.75,142473.0,31109.0,168545.0,17136.428571428572,101164.0
2010_4,37445.0,22791.0,278182.0,16018.0,259364.0,28494.0,15236.0,1811.0,356273.0,15431.0,13918.0,54682.0,25309.0,33936.0,13859.0,498545.0,12760.0,36879.0,106473.0,17282.0,12318.0,19773.0,4500.0,30100.0,24136.0,12636.0,70295.0,149917.0,32227.0,169518.0,22178.571428571428,63773.0
2010_5,36695.0,25000.0,276000.0,16579.0,261263.0,28674.0,20084.0,2127.0,342105.0,13989.0,16753.0,40374.0,23253.0,33632.0,9453.0,496000.0,15447.5,37151.0,108053.0,15505.0,10926.0,11758.0,9247.0,19189.0,18614.0,10930.0,50245.0,155992.0,28263.0,172842.0,27220.714285714283,48000.0
2010_6,26114.0,27410.0,276000.0,13695.0,271714.0,28854.0,22771.0,2079.0,338857.0,15980.142857142857,16524.0,32157.0,15619.0,34686.0,6186.0,496000.0,18135.0,38210.0,107924.0,14162.0,12210.0,11162.0,13876.0,12543.0,15556.0,10810.0,31917.0,168486.0,19038.0,178667.0,32262.857142857138,35381.0
2010_7,21855.0,27500.0,275000.0,14845.0,278455.0,29034.0,31000.0,1843.0,337636.0,17971.285714285714,21700.0,34180.0,13491.0,34036.0,8965.0,496545.0,20822.5,37800.0,111309.0,13736.0,17627.0,12845.0,5094.0,15398.0,18455.0,15576.0,30491.0,172505.0,19009.0,178227.0,37305.0,33127.0
2010_8,25773.0,29355.0,281105.0,19927.0,281818.0,29214.0,31691.0,1877.0,316273.0,19962.428571428565,23364.0,52950.0,16391.0,30009.0,9291.0,492591.0,23510.0,37661.0,126109.0,19273.0,28982.0,21164.0,6545.0,17685.0,27318.0,31932.0,31969.0,169782.0,21009.0,178000.0,25409.0,28545.0
2010_9,26937.0,27505.0,311211.0,26042.0,364421.0,29394.0,34389.0,3868.0,292947.0,21953.571428571428,26947.0,99632.0,24495.0,36516.0,19516.0,489737.0,21259.0,38050.0,122189.0,16442.0,40779.0,42568.0,15937.0,18768.0,35825.0,60263.0,30849.0,165179.0,34537.0,178337.0,18379.0,57779.0
2010_10,26876.0,22238.0,417524.0,15857.0,415381.0,29574.0,45286.0,3144.0,289810.0,23944.714285714286,33470.0,51986.0,30305.0,34581.0,15726.0,499524.0,21561.0,40222.0,75057.0,10300.0,14800.0,21200.0,18210.0,18400.0,23000.0,16238.0,21789.0,189343.0,46848.0,197524.0,15771.0,47590.0
2010_11,33118.0,22818.0,441636.0,15155.0,463091.0,29754.0,39191.0,2770.0,339273.0,25935.857142857145,21914.0,53843.0,26609.0,38155.0,9216.0,558727.0,21863.0,42394.0,58636.0,10736.0,8709.0,19209.0,15100.0,18755.0,16576.0,10727.0,20400.0,220818.0,42845.0,297636.0,12920.0,54245.0
2010_12,38430.0,24557.0,447913.0,18113.0,473522.0,35191.0,25661.0,2453.0,348957.0,27927.0,19200.0,49911.0,28487.0,43270.0,11174.0,608087.0,22165.0,60058.0,65026.0,17113.0,7530.0,18757.0,12670.0,18548.0,18094.0,7696.0,26977.0,235270.0,36809.0,336391.0,16627.5,35852.0
2011_1,47110.0,28924.0,442762.0,23552.0,482305.0,34886.0,25371.0,3408.0,349714.0,24514.0,13450.0,55893.0,27848.0,45429.0,13310.0,611905.0,4120.125,60921.0,73752.0,18467.0,10324.0,27419.0,12238.0,21190.0,27873.0,10110.0,11735.0,245962.0,35257.0,344952.0,6623.714285714284,39802.0
2011_2,44841.0,29153.0,441000.0,18965.0,492576.0,34322.0,29447.0,2789.0,347059.0,22176.0,12416.0,60406.0,22824.0,50153.0,12259.0,612000.0,6229.25,59255.0,78953.0,16941.0,11224.0,24506.0,11259.0,27059.0,29912.0,9394.0,21459.0,249224.0,32388.0,345647.0,11236.428571428569,46400.0
2011_3,39986.0,28600.0,441000.0,17318.0,498855.0,33789.0,32855.0,2413.0,343879.0,16975.0,15164.0,50577.0,22754.0,48984.0,13105.0,605015.0,8338.375,55426.0,76882.0,16938.0,6955.0,23136.0,7909.0,22127.0,22848.0,9427.0,31183.0,251486.0,32820.0,345000.0,15849.142857142857,63545.0
2011_4,30971.0,30600.0,440571.0,15105.0,500448.0,33669.0,34924.0,1405.0,328492.0,14932.0,14362.0,47479.0,21815.0,46246.0,8176.0,600809.0,10447.5,52685.0,73943.0,15570.0,6352.0,15590.0,5929.0,12152.0,16349.0,9610.0,40907.0,253742.0,32202.0,345301.0,20461.85714285714,29838.0
2011_5,19385.0,33530.0,435600.0,15440.0,501400.0,31844.5,34080.0,1034.0,306900.0,12013.0,10896.0,38063.0,18093.0,48206.0,3794.0,582550.0,12556.625,55040.0,73350.0,14220.0,11270.0,15850.0,3915.0,9710.0,15467.0,14170.0,38153.0,253539.0,21970.0,341432.0,25074.571428571428,36210.0
2011_6,23857.0,41057.0,437000.0,12743.0,497210.0,30020.0,35781.0,884.0,281238.0,13954.0,7370.0,25379.0,13714.0,60419.0,3352.0,560000.0,14665.75,56083.0,72829.0,15568.0,12095.0,14643.0,3052.0,11476.0,11770.0,10133.0,36714.0,250702.0,19571.0,338078.0,29687.285714285714,35476.0
2011_7,22762.0,48762.0,438000.0,19143.0,490276.0,28195.5,38971.0,1046.0,272190.0,15895.0,13010.0,34521.0,15429.0,80857.0,6729.0,550714.0,16774.875,55695.0,71524.0,15438.0,19410.0,25333.0,3890.0,13600.0,19706.0,36105.0,29251.0,247799.0,21543.0,336142.0,34300.0,52010.0
2011_8,31336.0,35073.0,516159.0,21173.0,494727.0,26371.0,43445.0,1301.0,267818.0,17836.0,27727.0,48566.0,20236.0,85796.0,10895.0,544000.0,18884.0,55638.0,68709.0,16236.0,26700.0,27827.0,8962.0,15009.0,21932.0,30745.0,30509.0,243985.0,31609.0,336530.0,27745.0,49473.0
2011_9,34770.0,28530.0,773000.0,19470.0,589200.0,24546.5,54540.0,1562.0,272700.0,19777.0,17600.0,41948.0,25140.0,38853.0,8995.0,578700.0,14148.0,48152.5,68850.0,12160.0,22960.0,17300.0,9865.0,15200.0,15322.0,17930.0,22046.0,239916.0,33280.0,337683.0,19460.0,43010.0
2011_10,34480.0,28530.0,721750.0,16900.0,497300.0,22722.0,59040.0,1211.0,272900.0,21718.0,9750.0,41903.0,25540.0,34590.0,5865.0,580000.0,15063.0,40667.0,44530.0,10160.0,10210.0,16820.0,7700.0,15740.0,13233.0,15050.0,19498.0,215092.0,40820.0,342050.0,20350.0,42810.0
2011_11,34300.0,27018.0,711818.0,13882.0,486364.0,22591.0,31736.0,1139.0,284364.0,23659.0,7007.0,57280.0,13018.0,38318.0,3645.0,569727.0,15978.0,45667.0,62400.0,10500.0,6700.0,26145.0,4755.0,15536.0,25189.0,14136.0,23306.33333333333,195318.0,24155.0,342727.0,22764.0,41355.0
2011_12,34948.0,29943.0,710000.0,22000.0,485429.0,24762.0,23086.0,992.0,290000.0,25600.0,6333.0,57529.0,20048.0,41352.0,3219.0,566000.0,16893.0,50933.0,73210.0,10124.0,7471.0,21819.0,4462.0,14524.0,29524.0,20000.0,27114.66666666667,186190.0,28562.0,342000.0,23172.0,50467.0
2012_1,35150.0,30140.0,710000.0,27590.0,482000.0,26357.0,22350.0,1138.0,287150.0,24400.0,6830.0,55058.0,17920.0,44550.0,3500.0,570600.0,4905.714285714286,55933.0,68380.0,11110.0,11065.0,29740.0,5590.0,13860.0,39458.0,21500.0,17839.0,181200.0,34330.0,340300.0,5734.142857142857,63630.0
2012_2,38710.0,33229.0,710000.0,22562.0,486190.0,33473.0,22152.0,1600.0,287000.0,24152.0,8910.0,67079.0,22600.0,43257.0,5245.0,578524.0,7799.428571428572,51403.0,67286.0,16838.0,15714.0,30657.0,6357.0,13486.0,40754.0,13467.0,33666.0,183000.0,40219.0,343333.0,9456.285714285714,88905.0
2012_3,41329.0,37124.0,700952.0,20695.0,490000.0,39244.0,23524.0,1665.0,287000.0,20152.0,10267.0,56586.0,30371.0,44343.0,9210.0,590429.0,10693.142857142857,52470.0,67971.0,20152.0,11429.0,28790.0,8133.0,12189.0,33460.0,13476.0,49493.0,183895.0,43648.0,367619.0,13178.428571428572,88762.0
2012_4,44690.0,45510.0,666000.0,16420.0,490000.0,39653.0,24600.0,1400.0,287000.0,15340.0,9850.0,40133.0,26200.0,43600.0,12140.0,591000.0,13586.857142857143,54493.0,68040.0,17390.0,9090.0,17700.0,8580.0,11140.0,23258.0,11590.0,65320.0,190275.0,41390.0,392500.0,16900.571428571428,47970.0
2012_5,54757.0,50000.0,635000.0,16990.0,490000.0,36865.0,28571.0,1670.0,287000.0,12000.0,11210.0,29793.0,21305.0,46838.0,7262.0,591000.0,16480.571428571428,58794.0,72971.0,18324.0,8676.0,12571.0,16238.0,15295.0,21937.0,12143.0,48305.0,194171.0,30981.0,402190.0,20622.714285714286,52390.0
2012_6,34720.0,50350.0,628500.0,11230.0,490000.0,34077.0,33490.0,2116.0,287000.0,12899.5,12545.0,19350.0,14000.0,50980.0,4918.0,591000.0,19374.285714285714,62760.0,91730.0,14630.0,10060.0,9590.0,7670.0,16790.0,14467.0,10750.0,31960.0,195300.0,18100.0,414550.0,24344.857142857145,33400.0
2012_7,27682.0,44018.0,630000.0,12791.0,490000.0,31289.0,29455.0,1936.0,288273.0,13799.0,15125.0,25411.0,10609.0,56282.0,7945.0,591000.0,22268.0,70939.0,100482.0,13127.0,17709.0,12082.0,5877.0,17918.0,14962.0,20073.0,24464.0,195400.0,14036.0,416591.0,28067.0,33118.0
2012_8,28345.0,34009.0,640909.0,18882.0,489455.0,28501.0,28655.0,2346.0,289000.0,14698.5,11845.0,42157.0,13745.0,57600.0,9018.0,588045.0,18205.0,74000.0,126600.0,18100.0,32745.0,22736.0,8223.0,19891.0,24106.0,32055.0,28618.0,195400.0,19145.0,419455.0,21118.0,38973.0
2012_9,30050.0,35320.0,603000.0,28470.0,482600.0,25713.0,37480.0,3046.0,290100.0,15598.0,15030.0,57285.0,23730.0,60130.0,12790.0,578500.0,17280.0,74000.0,138390.0,15610.0,25870.0,36660.0,8620.0,21000.0,27192.0,56850.0,28420.0,195400.0,38190.0,438600.0,17790.0,59550.0
2012_10,29162.0,25971.0,547143.0,20143.0,482952.0,22925.0,46229.0,2538.0,297571.0,16497.5,19048.0,48464.0,23410.0,64733.0,9952.0,581000.0,17807.5,59473.5,91248.0,19438.0,10338.0,16971.0,9834.0,22771.0,17095.0,19543.0,30908.0,197657.0,44857.0,440714.0,19733.0,44686.0
2012_11,28582.0,23500.0,518182.0,16736.0,474818.0,19733.0,45227.0,2224.0,406136.0,17397.0,15332.0,52275.0,17209.0,65482.0,7900.0,581000.0,18335.0,44947.0,93255.0,14400.0,11255.0,25209.0,9373.0,25055.0,17939.0,16200.0,32563.66666666667,208636.0,29991.0,458682.0,17286.0,52900.0
2012_12,28947.0,24558.0,497895.0,23347.0,469737.0,23530.0,56842.0,2319.0,417158.0,18296.5,15542.0,50084.0,23253.0,65674.0,10816.0,581000.0,18862.5,45937.0,100147.0,12821.0,14105.0,26874.0,12163.0,26432.0,23421.0,17432.0,34219.333333333336,215421.0,26905.0,459737.0,18963.5,63432.0
2013_1,35386.0,25509.0,460227.0,25309.0,465000.0,26273.0,90473.0,2224.0,419273.0,20600.0,11482.0,47925.0,22745.0,65273.0,12182.0,581000.0,6148.285714285716,45933.0,100318.0,14400.0,15650.0,29773.0,12809.0,28164.0,41318.0,21636.0,23237.33333333333,218000.0,30464.0,448682.0,6031.142857142857,70909.0
2013_2,35311.0,27179.0,455000.0,23926.0,464947.0,28891.0,95821.0,2204.0,420632.0,20526.0,11000.0,52129.0,21474.0,72032.0,12358.0,581000.0,10283.57142857143,51045.0,108716.0,21221.0,11711.0,31684.0,11847.0,35211.0,45702.0,14474.0,44461.66666666666,220895.0,34558.0,447632.0,10049.285714285714,86295.0
2013_3,28960.0,25320.0,452750.0,15535.0,464000.0,29300.0,93330.0,2206.0,429620.0,16720.0,10500.0,48548.0,24440.0,71990.0,12400.0,581700.0,14418.857142857143,49133.0,115940.0,15460.0,6440.0,22900.0,8215.0,40460.0,27117.0,9745.0,65686.0,221000.0,33090.0,451410.0,14067.428571428572,67700.0
2013_4,24159.0,21073.0,433273.0,16755.0,463000.0,28850.0,100618.0,2229.0,466255.0,15200.0,10855.0,45181.0,22773.0,68973.0,11243.0,586250.0,18554.14285714286,48770.0,115191.0,15636.0,10945.0,15973.0,6209.0,49755.0,19083.0,12091.0,58164.0,221000.0,33509.0,455418.0,18085.571428571428,40173.0
2013_5,20091.0,23438.0,403952.0,15114.0,462000.0,28589.83333333333,41086.0,2002.0,480000.0,13200.0,16024.0,28250.0,16571.0,67162.0,6938.0,588000.0,22689.42857142857,48209.0,116152.0,17057.0,8133.0,12405.0,6971.0,34495.0,15540.0,11105.0,38400.0,221667.0,21752.0,458000.0,22103.714285714286,37210.0
2013_6,18895.0,24916.0,403000.0,12379.0,462000.0,28329.66666666667,31989.0,1409.0,483474.0,15200.0,15674.0,21300.0,11905.0,63653.0,5289.0,587000.0,26824.714285714294,46105.0,121337.0,14600.0,10747.0,17400.0,5084.0,18947.0,16719.0,13674.0,35874.0,221421.0,17021.0,457558.0,26121.857142857145,37958.0
2013_7,15722.0,25017.0,401696.0,15391.0,462000.0,28069.5,33217.0,1303.0,487826.0,17200.0,13096.0,36893.0,11861.0,60452.0,6287.0,586826.0,30960.0,46470.0,121643.0,17165.0,23983.0,17930.0,5496.0,15504.0,20130.0,27113.0,28800.0,221826.0,24235.0,455200.0,30140.0,39357.0
2013_8,20276.0,29771.0,363143.0,19714.0,456286.0,27809.33333333333,33057.0,1382.0,492667.0,19200.0,15657.0,48986.0,20781.0,48838.0,13424.0,583619.0,25762.0,46019.0,119400.0,23043.0,34657.0,19257.0,12105.0,16600.0,22429.0,26962.0,30000.0,220000.0,29276.0,455200.0,21962.0,36648.0
2013_9,23100.0,25200.0,346667.0,20644.0,445000.0,27549.16666666667,35389.0,1669.0,498667.0,21200.0,16311.0,56600.0,20667.0,49256.0,12511.0,573889.0,24400.0,45867.0,90411.0,15667.0,33367.0,20433.0,9989.0,18633.0,17519.0,27100.0,30444.0,220000.0,31311.0,453756.0,16333.0,38500.0
2013_10,20552.0,19295.0,344524.0,14467.0,382857.0,27289.0,39133.0,1423.0,440000.0,23200.0,10857.0,43850.0,18457.0,34067.0,5636.0,543238.0,24911.75,46606.5,56952.0,8895.0,10152.0,17571.0,5919.0,19200.0,19794.0,23829.0,24943.0,205981.0,28933.0,404448.0,16667.0,24857.0
2013_11,19733.0,16629.0,340000.0,14029.0,371905.0,24260.0,33476.0,1453.0,390771.0,25200.0,9900.0,58329.0,16371.0,39400.0,5586.0,510143.0,25423.5,47346.0,60057.0,7000.0,8038.0,14648.0,5229.0,19667.0,18286.0,13819.0,29291.33333333333,181771.0,29048.0,250981.0,17233.0,31486.0
2013_12,19571.0,17038.0,340000.0,19971.0,359905.0,27987.0,22638.0,1408.0,430190.0,27200.0,9062.0,52829.0,18867.0,41095.0,5024.0,526857.0,25935.25,48940.0,60762.0,11343.0,7752.0,20000.0,5071.0,17610.0,22349.0,13695.0,33639.666666666664,160790.0,32095.0,231857.0,18371.0,34276.0
2014_1,24455.0,18380.0,340000.0,23760.0,358000.0,30260.0,20120.0,1235.0,436000.0,26560.0,8650.0,43718.0,21270.0,46610.0,4623.0,534000.0,4662.0,59573.0,61540.0,13130.0,7430.0,29270.0,5010.0,16200.0,32467.0,12370.0,21190.33333333333,151710.0,35400.0,231000.0,4991.0,70760.0
2014_2,27200.0,19040.0,333000.0,17670.0,347900.0,31047.0,18650.0,1304.0,436000.0,21720.0,8158.0,48270.0,24600.0,47090.0,4074.0,534000.0,7310.0,59560.0,66130.0,16950.0,6930.0,28810.0,4185.0,15480.0,33017.0,10700.0,40366.66666666666,144980.0,36820.0,231000.0,7968.0,84030.0
2014_3,26405.0,18952.0,326667.0,18295.0,336000.0,31130.0,18752.0,1201.0,446381.0,18771.0,8448.0,53021.0,28800.0,44733.0,3604.0,534000.0,9958.0,56946.0,92562.0,15010.0,6376.0,27581.0,3973.0,13731.0,28024.0,10648.0,59543.0,142000.0,35543.0,231000.0,10945.0,77438.0
2014_4,21786.0,19700.0,323182.0,16845.0,336000.0,31866.0,24527.0,1048.0,450000.0,15527.0,9293.0,42245.0,24591.0,45127.0,3564.0,534000.0,12606.0,55867.0,110373.0,15736.0,8545.0,18682.0,3786.0,12718.0,21318.0,12682.0,73336.0,142000.0,32836.0,231000.0,13922.0,56509.0
2014_5,23842.0,25284.0,320000.0,17063.0,336000.0,29589.33333333333,31684.0,1083.0,448526.0,14800.0,9806.0,35787.0,16863.0,49484.0,3369.0,534000.0,15254.0,57256.0,110789.0,16105.0,8747.0,12621.0,4028.0,12335.0,12877.0,11916.0,40874.0,142000.0,23158.0,230368.0,16899.0,45811.0
2014_6,20832.0,29695.0,327368.0,13116.0,331263.0,27312.66666666667,32621.0,1164.0,443684.0,16657.14285714286,9780.0,28958.0,11737.0,59411.0,3907.0,534000.0,17902.0,60968.0,110179.0,12084.0,7747.0,12800.0,4121.0,9958.0,13684.0,11968.0,31747.0,142000.0,15274.0,229000.0,19876.0,35958.0
2014_7,21991.0,32417.0,340957.0,13487.0,330000.0,25036.0,34522.0,1058.0,440696.0,18514.285714285714,10245.0,33809.0,9435.0,80235.0,6010.0,532696.0,20550.0,61942.0,109557.0,14609.0,12530.0,9287.0,5263.0,9118.0,12464.0,16565.0,25974.0,142000.0,14243.0,232304.0,22853.0,36096.0
2014_8,23200.0,28568.0,384816.0,21126.0,339621.0,22759.333333333336,44116.0,1212.0,438842.0,20371.428571428565,10853.0,49768.0,9126.0,78000.0,7684.0,530842.0,16695.0,60980.0,169495.0,11211.0,22832.0,18568.0,5089.0,9949.0,18895.0,28453.0,21274.0,142000.0,15737.0,234105.0,16958.0,41558.0
2014_9,22889.0,24233.0,443667.0,23089.0,354533.0,20482.666666666668,56111.0,1313.0,437778.0,22228.571428571428,11589.0,60108.0,11100.0,38833.0,8042.0,524111.0,16460.0,50204.5,168056.0,9000.0,15822.0,15167.0,4641.0,10529.0,15093.0,26233.0,22920.0,142000.0,23200.0,240833.0,15100.0,53867.0
2014_10,20638.0,20629.0,433524.0,19162.0,348019.0,18206.0,39762.0,1135.0,420667.0,24085.714285714286,10949.0,52714.0,11790.0,28390.0,4970.0,521905.0,16711.25,39429.0,110143.0,7810.0,10152.0,13343.0,4502.0,10486.0,13222.0,16048.0,27480.25,137571.0,24629.0,234810.0,13844.0,36838.0
2014_11,20220.0,19880.0,430000.0,19460.0,347100.0,16147.0,18810.0,1071.0,407360.0,25942.857142857145,9380.0,57510.0,11050.0,30230.0,4172.0,511800.0,16962.5,36820.0,105000.0,7380.0,8770.0,21800.0,4455.0,10400.0,17500.0,19510.0,32040.5,139900.0,21030.0,207450.0,14877.0,62660.0
2014_12,21200.0,20590.0,420095.0,25162.0,346000.0,16025.0,16676.0,1425.0,421857.0,27800.0,9384.0,61886.0,13248.0,33800.0,3838.0,514000.0,17213.75,36260.0,111286.0,11771.0,10038.0,25467.0,4922.0,10400.0,26167.0,26162.0,36600.75,139048.0,23438.0,192667.0,15910.0,60971.0
2015_1,29100.0,22343.0,411905.0,24419.0,346000.0,16324.0,16114.0,1255.0,430000.0,25390.0,8805.0,55871.0,17581.0,35181.0,3800.0,519714.0,5067.571428571428,37219.0,115905.0,18019.0,11124.0,28305.0,5000.0,10400.0,31778.0,25819.0,20994.666666666668,139190.0,27390.0,190381.0,5324.714285714286,57867.0
2015_2,39606.0,23376.0,410000.0,24835.0,347882.0,19631.0,18553.0,1478.0,430000.0,23553.0,9671.0,61359.0,18200.0,36200.0,4153.0,527765.0,8120.142857142857,40957.0,117188.0,18082.0,12465.0,34388.0,5818.0,11271.0,39098.0,19082.0,39974.333333333336,140000.0,29541.0,187000.0,8634.428571428572,107635.0
2015_3,42973.0,27855.0,410000.0,16382.0,344545.0,20691.0,20818.0,1551.0,426727.0,18018.0,9755.0,58582.0,18136.0,39091.0,4850.0,528000.0,11172.714285714286,41758.0,117955.0,15236.0,9718.0,22518.0,6127.0,13155.0,24667.0,11791.0,58954.0,136091.0,30155.0,185318.0,11944.142857142857,76627.0
2015_4,44000.0,28682.0,410000.0,21255.0,341000.0,20517.0,22382.0,1535.0,423091.0,16173.0,9727.0,48095.0,22545.0,40300.0,4991.0,531091.0,14225.285714285714,42533.0,126082.0,15945.0,11255.0,19200.0,5845.0,12973.0,20546.0,15382.0,62982.0,136000.0,31555.0,180855.0,15253.857142857143,52336.0
2015_5,51922.0,31089.0,410000.0,17778.0,340222.0,20666.33333333333,25800.0,1923.0,420000.0,13354.0,10500.0,33875.0,18089.0,40900.0,8978.0,532000.0,17277.85714285714,44200.0,149522.0,16889.0,10567.0,10933.0,8650.0,15033.0,12500.0,13333.0,46311.0,137500.0,23522.0,177444.0,18563.571428571428,51500.0
2015_6,33836.0,32909.0,410000.0,13618.0,344000.0,20815.666666666668,30036.0,2465.0,420000.0,15474.857142857143,13670.0,26216.0,14109.0,40145.0,7468.0,532000.0,20330.428571428565,45200.0,155927.0,13773.0,11455.0,10755.0,9827.0,16964.0,11242.0,12927.0,34555.0,139000.0,17509.0,177000.0,21873.285714285714,39518.0
2015_7,26174.0,35878.0,410000.0,13887.0,344000.0,20965.0,30878.0,2134.0,420000.0,17595.714285714286,18043.0,30261.0,12252.0,39600.0,6448.0,532000.0,23383.0,44678.0,164026.0,14139.0,15200.0,13339.0,6904.0,22991.0,13623.0,21678.0,23661.0,139000.0,19270.0,177000.0,25183.0,32330.0
2015_8,25500.0,30790.0,410097.0,18380.0,344000.0,21114.33333333333,30340.0,1991.0,420000.0,19716.571428571428,13369.0,49493.0,13260.0,35550.0,6670.0,531500.0,19960.0,44760.0,164160.0,15190.0,30790.0,16680.0,6965.0,27710.0,17450.0,25610.0,25760.0,138100.0,18100.0,177000.0,21510.0,24760.0
2015_9,24910.0,24650.0,416500.0,20890.0,350080.0,21263.666666666668,32610.0,1902.0,421300.0,21837.428571428565,9115.0,52110.0,14810.0,36950.0,6110.0,530000.0,19650.0,41401.333333333336,155350.0,12030.0,17680.0,15780.0,6710.0,27990.0,15100.0,22420.0,24160.0,137000.0,25460.0,180600.0,16000.0,25900.0
2015_10,24714.0,22248.0,410619.0,14276.0,347352.0,21413.0,31505.0,1770.0,420571.0,23958.285714285717,8614.0,48721.0,11705.0,39619.0,4424.0,530000.0,19968.75,38042.66666666666,100895.0,9000.0,8914.0,13371.0,5071.0,28343.0,15024.0,16790.0,27700.5,138333.0,21229.0,178810.0,12771.0,21286.0
2015_11,25381.0,21686.0,404905.0,18324.0,352400.0,17257.0,27295.0,1823.0,418000.0,26079.14285714285,9060.0,54479.0,10124.0,40971.0,4445.0,532095.0,20287.5,34684.0,88038.0,8843.0,9743.0,21162.0,3929.0,31876.0,20238.0,21733.0,31241.0,145781.0,16867.0,177190.0,12800.0,31429.0
2015_12,25495.0,22333.0,399952.0,28933.0,352400.0,19114.0,25029.0,2026.0,408571.0,28200.0,9190.0,60764.0,12200.0,43600.0,4333.0,531619.0,20606.25,35781.0,94276.0,17238.0,11276.0,28181.0,3690.0,34343.0,32452.0,39314.0,34781.5,147876.0,21171.0,177619.0,15374.5,40314.0
2016_1,28360.0,24850.0,390400.0,24590.0,354300.0,19670.0,24580.0,2295.0,398000.0,26860.0,10580.0,58005.0,19580.0,44170.0,5520.0,529000.0,4257.714285714286,36460.0,97650.0,21390.0,10990.0,31070.0,5225.0,33450.0,33950.0,26460.0,25775.0,148940.0,28110.0,180700.0,5216.857142857143,46870.0
2016_2,35406.0,27456.0,390000.0,25100.0,354400.0,23022.0,24978.0,3228.0,398000.0,26067.0,13633.0,85975.0,23089.0,45800.0,8228.0,529000.0,6499.428571428572,37178.0,98156.0,18517.0,12622.0,32878.0,6756.0,32633.0,38778.0,19056.0,49534.0,149556.0,31200.0,183556.0,8417.714285714286,80789.0
2016_3,38877.0,26864.0,386727.0,18655.0,354400.0,27936.0,25027.0,2723.0,398000.0,19400.0,15118.0,66955.0,30473.0,44455.0,12005.0,529000.0,8741.142857142857,36736.0,97155.0,18109.0,10418.0,25755.0,7327.0,32155.0,28841.0,17400.0,73293.0,150000.0,37582.0,184000.0,11618.571428571428,49082.0
2016_4,31020.0,29730.0,369150.0,16170.0,351320.0,27045.142857142862,27070.0,2345.0,396200.0,15900.0,19190.0,41828.0,22115.0,44000.0,15079.0,529000.0,10982.857142857143,37000.0,95210.0,16290.0,10200.0,14400.0,10413.0,31262.0,18450.0,13800.0,62960.0,150000.0,31030.0,184200.0,14819.428571428569,42500.0
2016_5,37150.0,30670.0,356000.0,17450.0,344000.0,26154.285714285717,31570.0,2315.0,388000.0,14018.0,17720.0,38978.0,15030.0,44280.0,11430.0,526100.0,13224.571428571431,36860.0,91850.0,15820.0,11890.0,11180.0,12265.0,14680.0,15700.0,16442.0,35480.0,150000.0,17620.0,188000.0,18020.285714285714,43240.0
2016_6,24724.0,29810.0,355000.0,13933.0,344000.0,25263.42857142857,30857.0,1898.0,388000.0,15657.285714285714,11433.0,26114.0,12505.0,45257.0,6248.0,532571.0,15466.285714285714,36962.0,80629.0,13886.0,12419.0,12848.0,6781.0,14495.0,16762.0,15790.0,32181.0,150000.0,13819.0,192381.0,21221.14285714285,34819.0
2016_7,19229.0,27486.0,344524.0,20410.0,345333.0,24372.571428571428,30286.0,1596.0,376571.0,17296.571428571428,12476.0,36614.0,14152.0,50343.0,7505.0,536857.0,17708.0,38286.0,56857.0,15238.0,17886.0,14390.0,5943.0,14133.0,20643.0,33676.0,25400.0,151048.0,15762.0,205333.0,24422.0,47943.0
2016_8,21709.0,29700.0,310000.0,23364.0,351818.0,23481.714285714286,41655.0,1891.0,363636.0,18935.857142857145,15782.0,62441.0,16191.0,55164.0,15236.0,546000.0,15036.0,39936.0,46236.0,19927.0,49582.0,17882.0,6009.0,16355.0,25182.0,31545.0,26100.0,152000.0,18500.0,204000.0,19655.0,62073.0
2016_9,25168.0,27442.0,321842.0,24989.0,356000.0,22590.857142857145,45337.0,2414.0,367474.0,20575.14285714285,23737.0,82089.0,21558.0,46232.0,21042.0,536632.0,17400.0,38853.5,46863.0,15274.0,35316.0,30442.0,9337.0,18421.0,27684.0,36326.0,33255.0,152053.0,30337.0,211684.0,17263.0,82126.0
2016_10,25380.0,25450.0,294600.0,23540.0,358500.0,21700.0,49700.0,2310.0,372500.0,22214.42857142857,26560.0,49740.0,29670.0,36060.0,10630.0,521780.0,17114.25,37771.0,48560.0,12340.0,16706.0,23780.0,10540.0,19450.0,28250.0,37500.0,34974.75,152000.0,37020.0,225680.0,15815.0,47240.0
2016_11,28827.0,25073.0,290182.0,20236.0,374545.0,18427.0,66327.0,2379.0,368727.0,23853.714285714286,17814.0,67384.0,23527.0,35745.0,8473.0,512509.0,16828.5,37900.0,37864.0,13864.0,14427.0,20482.0,14064.0,20564.0,28182.0,20118.0,36694.5,170145.0,30091.0,367109.0,17050.666666666668,65245.0
2016_12,32486.0,24990.0,290000.0,19810.0,378000.0,23819.0,74629.0,2528.0,351333.0,25493.0,25429.0,56261.0,27495.0,37971.0,9305.0,521219.0,16542.75,38305.0,48305.0,16200.0,11429.0,21390.0,15000.0,21219.0,25595.0,13248.0,38414.25,185448.0,39810.0,447571.0,18286.33333333333,53781.0
2017_1,44255.0,25840.0,285500.0,26500.0,377350.0,25270.0,73440.0,2444.0,346900.0,26300.0,21416.0,56633.0,24550.0,39800.0,10110.0,523000.0,5321.0,40890.0,48860.0,13970.0,10400.0,29720.0,13570.0,24690.0,36725.0,13720.0,18732.33333333333,178000.0,36010.0,453800.0,5334.571428571428,68880.0
2017_2,51370.0,25930.0,280000.0,19240.0,378900.0,27120.0,55580.0,2533.0,346600.0,20860.0,18950.0,57780.0,21300.0,39580.0,10065.0,520200.0,8625.0,40200.0,48010.0,17955.0,8895.0,21880.0,13060.0,26720.0,34925.0,11230.0,35447.666666666664,173550.0,36650.0,463360.0,8652.142857142857,60010.0
2017_3,40250.0,26000.0,284545.0,15873.0,385000.0,28457.0,40109.0,2854.0,343455.0,15218.0,16755.0,57109.0,21309.0,40964.0,9468.0,519000.0,11929.0,38755.0,46555.0,18345.0,7936.0,17818.0,10855.0,28300.0,25227.0,10900.0,52163.0,172000.0,31564.0,498636.0,11969.714285714286,53800.0
2017_4,33110.0,26040.0,281750.0,15060.0,385000.0,27885.571428571428,43140.0,2148.0,340600.0,12100.0,15810.0,48975.0,21030.0,41870.0,7775.0,519000.0,15233.0,38430.0,45600.0,16220.0,8710.0,13020.0,5315.0,24530.0,18300.0,12560.0,48740.0,172000.0,25200.0,543850.0,15287.285714285714,51450.0
2017_5,49074.0,26863.0,275316.0,15579.0,385684.0,27314.142857142862,34916.0,1631.0,333263.0,11867.0,15695.0,36632.0,19737.0,44400.0,4297.0,519000.0,18537.0,38842.0,43326.0,17821.0,8611.0,10895.0,4263.0,20400.0,12947.0,13189.0,46105.0,171779.0,21211.0,561421.0,18604.85714285714,48716.0
2017_6,31524.0,27771.0,286738.0,15057.0,392000.0,26742.714285714286,31924.0,1399.0,332000.0,14672.5,12276.0,24740.0,16762.0,49371.0,4895.0,521000.0,21841.0,38762.0,43810.0,15462.0,10076.0,12086.0,3696.0,21390.0,13143.0,11086.0,30286.0,170619.0,17867.0,574381.0,21922.428571428565,40076.0
2017_7,32486.0,33410.0,323238.0,18048.0,398476.0,26171.285714285717,29200.0,1445.0,331714.0,17478.0,14410.0,26429.0,14000.0,57724.0,8459.0,520543.0,25145.0,41895.0,45752.0,15695.0,22324.0,21076.0,4605.0,24067.0,23952.0,35895.0,21143.0,171181.0,15390.0,581286.0,25240.0,44990.0
2017_8,39855.0,33627.0,373973.0,24764.0,402545.0,25599.857142857138,28718.0,2097.0,330000.0,20283.5,21623.0,43643.0,22318.0,56045.0,15211.0,516782.0,19518.0,40536.0,45255.0,17791.0,38555.0,31827.0,10605.0,25582.0,24545.0,47491.0,25455.0,171800.0,29882.0,607955.0,23891.0,47764.0
2017_9,41276.0,29114.0,628571.0,23467.0,404000.0,25028.42857142857,47629.0,2232.0,329190.0,23089.0,17371.0,49543.0,31295.0,45683.0,17419.0,516410.0,18033.0,38227.0,44924.0,13371.0,21219.0,27743.0,11476.0,25590.0,21452.0,27505.0,27565.0,172181.0,38762.0,624905.0,20971.0,61048.0
2017_10,42775.0,24550.0,696875.0,15313.0,406000.0,24457.0,52838.0,1750.0,324575.0,25894.5,9628.0,51516.0,21538.0,38100.0,7251.0,506350.0,18744.0,35918.0,50300.0,11275.0,11050.0,14113.0,8444.0,24913.0,21375.0,14363.0,29455.0,173200.0,26650.0,555938.0,18500.0,33663.0
2017_11,42236.0,25332.0,648864.0,14991.0,404545.0,25300.0,32382.0,1677.0,315418.0,28700.0,8764.0,59952.0,20145.0,33864.0,6074.0,498182.0,19455.0,33609.0,75018.0,9718.0,10336.0,13494.0,7418.0,24945.0,17545.0,15309.0,31345.0,165264.0,24664.0,325091.0,19723.33333333333,37682.0
2017_12,47011.0,28116.0,616842.0,20800.0,404000.0,30253.0,25505.0,1753.0,313316.0,25663.0,9282.0,61295.0,17103.0,33516.0,6497.0,498842.0,20166.0,33705.0,89537.0,9537.0,10368.0,19053.0,7789.0,24411.0,22421.0,18621.0,33235.0,163442.0,22926.0,330632.0,20946.666666666668,30895.0
2018_1,53727.0,31964.0,590000.0,28709.0,404000.0,31555.0,24955.0,1965.0,313000.0,25345.0,9225.0,63843.0,16873.0,35364.0,6828.0,499000.0,5335.857142857143,36436.0,91818.0,10686.0,11227.0,30582.0,8226.0,23895.0,39159.0,23200.0,25007.66666666667,164000.0,22155.0,342227.0,5232.142857142857,53345.0
2018_2,60733.0,33633.0,586944.0,27622.0,404000.0,35200.0,29389.0,2390.0,318000.0,21567.0,16594.0,78456.0,16989.0,39111.0,9109.0,499000.0,8653.714285714286,41611.0,92711.0,17100.0,14900.0,32389.0,7939.0,22489.0,37111.0,19211.0,47997.33333333334,165811.0,24033.0,341800.0,8446.285714285714,84022.0
2018_3,61186.0,36392.0,571667.0,19714.0,404000.0,34585.0,25543.0,1850.0,316429.0,16524.0,18638.0,69962.0,18067.0,39038.0,8733.0,497476.0,11971.571428571428,42067.0,97162.0,18438.0,10352.0,30010.0,7110.0,18133.0,27310.0,13019.0,70987.0,172476.0,25333.0,337600.0,11660.428571428572,58571.0
2018_4,107705.0,38800.0,575000.0,19419.0,404000.0,33288.28571428572,28867.0,1294.0,315000.0,16352.0,20267.0,62171.0,22343.0,38238.0,8176.0,498000.0,15289.428571428569,40771.0,97619.0,18781.0,12576.0,19362.0,5957.0,15724.0,19833.0,14010.0,68010.0,176095.0,27810.0,336733.0,14874.571428571431,40771.0
2018_5,63540.0,43810.0,575000.0,21350.0,398400.0,31991.571428571428,35550.0,1467.0,316600.0,17229.0,23170.0,47510.0,20660.0,36250.0,6406.0,498000.0,18607.285714285714,38350.0,103300.0,19210.0,10430.0,19150.0,5565.0,16700.0,16750.0,15350.0,43140.0,179280.0,23110.0,335700.0,18088.714285714286,41200.0
2018_6,29537.0,44014.0,597537.0,14061.0,391000.0,30694.857142857138,36516.0,1422.0,320579.0,18679.14285714286,13473.0,33213.0,14484.0,37242.0,5728.0,498347.0,21925.14285714285,38989.0,103547.0,15937.0,10524.0,13216.0,4751.0,13995.0,12921.0,11908.0,44221.0,181526.0,19632.0,324884.0,21302.857142857145,36842.0
2018_7,29618.0,44736.0,596891.0,16564.0,390727.0,29398.14285714285,43423.0,1566.0,320755.0,20129.285714285714,17415.0,30881.0,14845.0,35109.0,10402.0,498055.0,25243.0,37855.0,104036.0,16905.0,22727.0,12236.0,7676.0,13302.0,18773.0,24436.0,29303.0,180800.0,21427.0,314427.0,24517.0,49087.0
2018_8,43464.0,41273.0,647261.0,26987.0,389327.0,28101.42857142857,52891.0,2188.0,340061.0,21579.428571428565,27236.0,91609.0,16982.0,35036.0,18682.0,498009.0,26186.0,36873.0,135291.0,25133.0,61809.0,22227.0,16239.0,15382.0,24614.0,34024.0,35664.0,177709.0,20955.0,325800.0,23082.0,53500.0
2018_9,46624.0,38447.0,702906.0,34118.0,399271.0,26804.714285714286,73953.0,3031.0,394247.0,23029.571428571428,25847.0,129953.0,28988.0,47506.0,15165.0,496424.0,26119.6,38720.0,167176.0,22212.0,43812.0,33212.0,10659.0,15600.0,22647.0,61071.0,37985.4,178118.0,43929.0,347459.0,22588.0,67471.0
2018_10,44257.0,33705.0,616576.0,21095.0,400362.0,25508.0,63343.0,2313.0,435857.0,24479.714285714286,14843.0,66505.0,32114.0,38390.0,8468.0,498305.0,26053.2,36550.0,155638.0,17610.0,13781.0,17990.0,9933.0,14390.0,21119.0,21648.0,40306.8,183714.0,42133.0,365333.0,22433.0,41400.0
2018_11,46573.0,35100.0,589409.0,17255.0,401155.0,29136.0,58627.0,1950.0,443218.0,25929.857142857145,8918.0,72673.0,22545.0,43091.0,7468.0,495209.0,25986.8,38282.0,186500.0,13927.0,10473.0,24882.0,7564.0,13986.0,17250.0,12536.0,42628.2,189009.0,33509.0,405082.0,22635.66666666667,35791.0
2018_12,46158.0,37537.0,600474.0,20505.0,403147.0,32937.0,38463.0,1724.0,445084.0,27380.0,8105.0,70853.0,24579.0,47211.0,6168.0,496137.0,25920.4,41505.0,201842.0,16653.0,8684.0,23358.0,6284.0,13211.0,27408.0,14200.0,44949.6,186526.0,30474.0,456547.0,22838.33333333333,31095.0
2019_1,44418.0,37491.0,590209.0,22095.0,400655.0,30336.0,30364.0,1614.0,449391.0,22882.0,7967.0,73009.0,25673.0,51827.0,4848.0,496500.0,5001.0,44400.0,206136.0,22445.0,8945.0,25082.0,5598.0,12304.0,32080.0,13768.0,21712.666666666668,184218.0,29473.0,455409.0,5215.285714285714,40891.0
2019_2,40076.0,36941.0,583600.0,18788.0,400200.0,29588.0,26847.0,1587.0,457224.0,18412.0,8304.0,76871.0,24353.0,50612.0,4020.0,496200.0,7983.0,38741.0,212824.0,19659.0,8706.0,20929.0,4820.0,12104.0,33265.0,10988.0,41406.333333333336,184259.0,28729.0,452576.0,8411.571428571428,61941.0
2019_3,33680.0,35130.0,587600.0,15250.0,400200.0,31138.0,24820.0,1276.0,478010.0,16320.0,7579.0,71480.0,26550.0,50920.0,3735.0,496200.0,10965.0,38940.0,220500.0,16620.0,7850.0,17510.0,4505.0,13463.0,24525.0,11640.0,61100.0,187660.0,32116.0,454000.0,11607.857142857143,68650.0
2019_4,52418.0,35600.0,576555.0,15332.0,400200.0,30752.571428571428,30236.0,1195.0,488564.0,14609.0,8097.0,61445.0,24609.0,49973.0,3414.0,496336.0,13947.0,38400.0,223545.0,17145.0,9027.0,12773.0,4205.0,17359.0,15932.0,12609.0,59745.0,190655.0,28618.0,454927.0,14804.142857142857,39827.0
2019_5,42957.0,36419.0,573362.0,17362.0,400200.0,30367.142857142862,32495.0,1456.0,492000.0,13367.0,9051.0,52162.0,18257.0,53010.0,3904.0,499200.0,16929.0,40733.0,228267.0,18462.0,9326.0,12890.0,5559.0,13152.0,15548.0,14300.0,42486.0,194962.0,19448.0,456200.0,18000.428571428572,44000.0
2019_6,24058.0,35537.0,566758.0,15011.0,400800.0,29981.714285714286,32200.0,1553.0,495642.0,15535.0,9133.0,35895.0,15689.0,57884.0,5746.0,498789.0,19911.0,42147.0,285000.0,15084.0,11211.0,14695.0,5411.0,9700.0,15987.0,13716.0,34674.0,197568.0,18005.0,455116.0,21196.714285714286,39211.0
2019_7,21352.0,29035.0,560426.0,14374.0,402609.0,29596.285714285717,29704.0,1685.0,499904.0,17703.0,9276.0,31043.0,14104.0,66026.0,7365.0,500513.0,22893.0,40991.0,309704.0,17700.0,17548.0,13770.0,5557.0,8452.0,18457.0,19287.0,24270.0,197852.0,17522.0,448913.0,24393.0,41304.0
2019_8,21005.0,27838.0,513171.0,22819.0,400000.0,29210.857142857138,29543.0,1894.0,502029.0,19871.0,9352.0,66162.0,14476.0,73067.0,8771.0,502314.0,21225.0,34762.0,315086.0,17105.0,38648.0,23543.0,4657.0,9990.0,21786.0,34829.0,36790.0,198200.0,20457.0,445819.0,19952.0,58352.0
2019_9,21605.0,28095.0,466842.0,32326.0,400768.0,28825.42857142857,36000.0,2002.0,498232.0,22039.0,13163.0,84600.0,17605.0,40011.0,14847.0,502274.0,21364.0,34246.0,231684.0,15021.0,32453.0,24295.0,4200.0,10774.0,18342.0,35832.0,31723.0,198011.0,26895.0,440253.0,17389.0,57442.0
2019_10,20805.0,26876.0,430476.0,28124.0,393590.0,28440.0,52848.0,1922.0,492876.0,24207.0,20433.0,70171.0,22143.0,35705.0,15600.0,493676.0,21503.0,33500.0,110429.0,16210.0,18362.0,19029.0,6910.0,10410.0,24810.0,39019.0,33907.75,196733.0,29448.0,435629.0,16838.0,50629.0
2019_11,22481.0,25067.0,432571.0,21343.0,393286.0,30019.0,54610.0,1851.0,473648.0,26375.0,20524.0,75743.0,24133.0,40857.0,9671.0,493048.0,21642.0,34257.0,127324.0,17924.0,10019.0,14733.0,9562.0,12100.0,26357.0,20486.0,36092.5,188810.0,33352.0,396571.0,17668.0,50343.0
2019_12,22660.0,25200.0,433450.0,27350.0,398670.0,30560.0,46730.0,1769.0,458500.0,28543.0,25329.0,69260.0,28270.0,43930.0,9890.0,487200.0,21781.0,37530.0,127330.0,19090.0,9900.0,20305.0,11335.0,14970.0,27800.0,20250.0,38277.25,180430.0,31580.0,354250.0,18498.0,34540.0
2020_1,23428.0,26216.0,400100.0,35728.0,394570.0,30245.0,44570.0,1657.0,459200.0,31800.0,21805.0,71870.0,29038.0,43425.0,10326.0,482000.0,5286.428571428572,38815.0,131098.0,18870.0,9345.0,32240.0,12960.0,18578.0,43975.0,27578.0,26093.33333333333,178600.0,32818.0,341000.0,5403.0,65250.0
2020_2,22870.0,27703.0,397575.0,21763.0,395782.0,32458.0,35825.0,1363.0,456340.0,20363.0,11953.0,66061.0,24970.0,45078.0,9798.0,483608.0,8552.857142857143,36335.0,133028.0,19663.0,9080.0,31198.0,11840.0,22008.0,42375.0,11834.0,50166.66666666666,178495.0,37190.0,338958.0,8786.0,84035.0
2020_3,24250.0,35593.0,400830.0,19859.0,396107.0,38881.0,47075.0,1064.0,465675.0,17382.0,10345.0,65025.0,27686.0,45248.0,9639.0,491670.0,11819.285714285714,37820.0,175250.0,18845.0,10188.0,27132.0,10998.0,23468.0,23159.0,11902.0,74240.0,178805.0,43750.0,336220.0,12169.0,62178.0
2020_4,45820.0,41760.0,406000.0,19205.0,412160.0,38556.857142857145,59250.0,1265.0,466360.0,17680.0,10275.0,51000.0,23648.0,47330.0,10860.0,500220.0,15085.714285714286,40420.0,173650.0,17060.0,10350.0,15140.0,14700.0,22900.0,15700.0,10265.0,55910.0,179050.0,42140.0,337000.0,15552.0,47785.0
2020_5,47279.0,53863.0,407263.0,19095.0,427989.0,38232.71428571428,42926.0,1664.0,470158.0,16633.0,9789.0,47421.0,14259.0,54905.0,11711.0,513011.0,18352.14285714286,55979.0,180379.0,15789.0,10284.0,14137.0,9426.0,20063.0,16342.0,12958.0,41505.0,179737.0,23679.0,338474.0,18935.0,40602.0
2020_6,28765.0,57888.0,442100.0,18215.0,433282.0,37908.57142857143,36300.0,1852.0,475427.0,18849.85714285714,12253.0,38600.0,14336.0,56513.0,9269.0,516573.0,21618.571428571428,61462.0,199873.0,16133.0,14386.0,14625.0,5166.0,14022.0,15282.0,17636.0,42632.0,182845.0,17539.0,347545.0,22318.0,42578.0
2020_7,24743.0,61063.0,452600.0,20001.0,448096.0,37584.42857142857,42408.0,1982.0,479800.0,21066.714285714286,13642.0,36791.0,19443.0,57691.0,11623.0,522504.0,24885.0,68068.0,205130.0,16756.0,20711.0,18268.0,5385.0,16054.0,17330.0,29818.0,29212.0,185374.0,23860.0,353148.0,25701.0,45886.0
2020_8,32806.0,55765.0,692489.0,37550.0,463910.0,37260.28571428572,45977.0,3081.0,488530.0,23283.571428571428,18451.0,76888.0,21653.0,56568.0,19707.0,545670.0,22144.0,71972.0,206550.0,20384.0,39156.0,42685.0,9079.0,20492.0,32260.0,49308.0,49751.0,184790.0,29638.0,355400.0,23571.0,51334.0
2020_9,35413.0,38834.0,871229.0,35653.0,498295.0,36936.142857142855,70528.0,3178.0,527714.0,25500.42857142857,25917.0,96030.0,27540.0,64793.0,25957.0,662029.0,22409.2,65004.0,144105.0,22145.0,43377.0,33678.0,13033.0,23636.0,35076.0,30401.0,70438.0,188171.0,50354.0,365095.0,21720.0,92749.0
2020_10,34283.0,33565.0,812179.0,22075.0,542379.0,36612.0,66874.0,3019.0,571126.0,27717.285714285717,17093.0,74923.0,32663.0,63741.0,12304.0,766579.0,22674.4,58036.0,94364.0,9465.0,12106.0,14328.0,17068.0,23749.0,15384.0,11982.0,64834.5,189516.0,50018.0,382979.0,20284.0,63283.0
2020_11,35830.0,36263.0,824724.0,18950.0,586057.0,32381.0,42214.0,2982.0,606486.0,29934.14285714285,11125.0,92830.0,15862.0,65381.0,6560.0,831524.0,22939.6,52028.0,104192.0,7647.0,9849.0,15743.0,12744.0,25540.0,20919.0,11180.0,59231.0,203514.0,35261.0,453448.0,21071.33333333333,49019.0
2020_12,32948.0,39418.0,794505.0,24227.0,637743.0,34417.0,26412.0,2400.0,639914.0,32151.0,11234.0,83191.0,17971.0,70990.0,5072.0,884571.0,23204.8,60957.0,114676.0,8324.0,9711.0,23911.0,7646.0,27366.0,26383.0,17630.0,53627.5,216124.0,29929.0,479800.0,21858.666666666668,30745.0
